"","x"
"1","NEON.D01.BART.DP1.10003.001.2015-06.basic.20250129T000730Z.RELEASE-2025/NEON.D01.BART.DP1.10003.001.brd_countdata.2015-06.basic.20241118T065914Z.csv"
"2","NEON.D01.BART.DP1.10003.001.2016-06.basic.20250129T000730Z.RELEASE-2025/NEON.D01.BART.DP1.10003.001.brd_countdata.2016-06.basic.20241118T142515Z.csv"
"3","NEON.D01.BART.DP1.10003.001.2017-06.basic.20250129T000730Z.RELEASE-2025/NEON.D01.BART.DP1.10003.001.brd_countdata.2017-06.basic.20241118T043125Z.csv"
"4","NEON.D01.BART.DP1.10003.001.2018-06.basic.20250129T000730Z.RELEASE-2025/NEON.D01.BART.DP1.10003.001.brd_countdata.2018-06.basic.20241118T105926Z.csv"
"5","NEON.D01.BART.DP1.10003.001.2019-06.basic.20250129T000730Z.RELEASE-2025/NEON.D01.BART.DP1.10003.001.brd_countdata.2019-06.basic.20241118T064156Z.csv"
"6","NEON.D01.BART.DP1.10003.001.2020-06.basic.20250129T000730Z.RELEASE-2025/NEON.D01.BART.DP1.10003.001.brd_countdata.2020-06.basic.20241118T184512Z.csv"
"7","NEON.D01.BART.DP1.10003.001.2020-07.basic.20250129T000730Z.RELEASE-2025/NEON.D01.BART.DP1.10003.001.brd_countdata.2020-07.basic.20241118T010504Z.csv"
"8","NEON.D01.BART.DP1.10003.001.2021-06.basic.20250129T000730Z.RELEASE-2025/NEON.D01.BART.DP1.10003.001.brd_countdata.2021-06.basic.20241118T105538Z.csv"
"9","NEON.D01.BART.DP1.10003.001.2022-06.basic.20250129T000730Z.RELEASE-2025/NEON.D01.BART.DP1.10003.001.brd_countdata.2022-06.basic.20241118T033934Z.csv"
"10","NEON.D01.BART.DP1.10003.001.2023-06.basic.20250129T000730Z.RELEASE-2025/NEON.D01.BART.DP1.10003.001.brd_countdata.2023-06.basic.20241118T091043Z.csv"
